<?xml version="1.0" encoding="utf-8"?>
<odoo>
    <data noupdate="0">

        <record id="email_template_minimal_footer_layout_singleline" model="mail.template">
            <field name="name">Report Custom Footer and Subtotals for Sale Order - Single Line</field>
            <field name="model_id" ref="sale.model_sale_order"/>
            <field name="email_from"></field>
            <field name="partner_to"></field>
            <field name="subject">Report Subtotals</field>
            <field name="body_html"><![CDATA[

    <div style="text-align: left;">
        <b style="font-weight: bold; color: inherit; font-family: inherit; font-size: 1.40833rem; font-style: initial; font-variant-ligatures: initial; font-variant-caps: initial; text-align: inherit;white-space:nowrap;">
            <span class="document_name">
                <font class="pull-left" style="font-size: 12px;">
                    <u><t t-out="object.name or ''"></t>
                    <t t-if="object.client_order_ref">
                     - <t t-out="object.client_order_ref or ''"></t>
                    </t>
                    </u>
                </font>
            </span>
        </b>
        <span style="font-weight: initial; font-family: Roboto; font-size: 12px; font-style: initial; font-variant-caps: initial; font-variant-ligatures: initial; text-align: center;">
            <div style="text-align: center;left:0;right:0;margin-left:auto;margin-right:auto;">
            <b style="color: rgb(0, 0, 0);font-family: inherit;font-size: initial;font-style: initial;font-variant-ligatures: initial;font-variant-caps: initial;text-align: center;">
                <div style="display: inline !important;" class="text-center">
                    <span class="mb8 mt8 text-muted" style="margin-left:0px;font-family: Roboto;font-size: 16px;font-style: initial;font-variant-caps: initial;font-variant-ligatures: initial;font-weight: initial;text-align: center;">Page:&nbsp;
                        <span class="page">x</span>&nbsp;/&nbsp;<span class="topage">x</span>
                    </span>
                </div>
            </b>
            <div class="row">
                <div class="col-sm-6" colspan="1" style="text-align: left; ">
                    <div class="page_subtotalx_parent" style="text-align: left;">
                        <b style="font-weight: bold; color: inherit; font-family: inherit; font-size: 1.40833rem; font-style: initial; font-variant-ligatures: initial; font-variant-caps: initial; text-align: inherit;white-space:nowrap;">
                            <font style="font-size: 12px;">
                                Page Subtotal:<span id="page_subtotal" class="page_subtotal"></span>
                            </font>
                        </b>
                        <span style="font-style: initial; font-variant-ligatures: initial; font-variant-caps: initial; font-weight: initial;">
                        </span>
                    </div>
                    <div style="text-align: right;">
                        <br>
                    </div>
                    <p>
                    </p>
                </div>
                <div class="col-sm-6" colspan="2" style="color: inherit; font-family: inherit; font-size: 12px; font-style: initial; font-variant-ligatures: initial; font-variant-caps: initial; font-weight: bolder; white-space: normal; text-align: right;">
                    <span style="text-align: right;">
                    <span class="document_name pull-right">
                        <font>
                            <span style="text-align: right;">
                        <span style="text-align: inherit;">
                        <span class="document_name text-center">
                            <font class="pull-right">

                        <b style="font-family: inherit; font-size: initial; font-style: initial; font-variant-ligatures: initial; font-variant-caps: initial; text-align: inherit;">
                            <div style="text-align: right; display: inline !important;">
                        <span style="font-style: initial; font-variant-ligatures: initial; font-variant-caps: initial; font-size: 16.9px; text-align: right; white-space:nowrap;">
                        <span class="document_name pull-right" style="display: inline !important;">
                        <font style="font-size: 12px;">
                            <span style="font-weight: bolder; font-family: Roboto; font-size: medium; text-align: right; white-space: normal;">
                        <span style="font-weight: bolder; color: inherit; font-family: inherit; font-size: 1.40833rem; font-style: initial; font-variant-ligatures: initial; font-variant-caps: initial; text-align: inherit;">
                        <span class="document_name text-center">
                            <font class="pull-right" style="text-align: right; font-size: 12px; display: inline !important;">
                        <span style="font-weight: bolder; font-family: inherit; font-size: initial; font-style: initial; font-variant-ligatures: initial; font-variant-caps: initial; text-align: inherit;">
                            <div style="text-align: right; display: inline !important;">
                        <span style="font-weight: bolder; font-family: Roboto; font-size: medium;">
                        <span class="pull-right" style="font-family: inherit; font-size: 12px; font-variant-ligatures: initial; font-variant-caps: initial; font-weight: initial; text-align: inherit;"><t t-out="datetime.date.today().strftime('%B %d, %Y')"></t>
                    </span>
                </span>
                </div>
                </span>
                </font>
                </span>
                </span>
                </span>
                </font>
                </span>
                </span>
                </div>
                </b>
                </span>
                </font>
                </span>
                </span>
                </span>
                </font>
                    <font style="font-size: 12px; font-style: initial; font-variant-ligatures: initial; font-variant-caps: initial; font-weight: bold; white-space: nowrap;">
                        <br>
                    </font>
                    <font style="font-size: 12px; font-style: initial; font-variant-ligatures: initial; font-variant-caps: initial; font-weight: bold; white-space: nowrap;">Signature: <t t-out="object.user_id.signature"></t>
                    </font>
                </span>
            </div>
            </div>
        </span>
    </div>
    </div>

            ]]></field>
            <field name="report_template"></field>
            <field name="report_name"></field>
            <field name="lang"></field>
            <!-- <field name="user_signature" eval="False"/> -->
            <field name="auto_delete" eval="True"/>
            <field name="use_for_subtotal_header" eval="False"/>
            <field name="use_for_subtotal_footer" eval="False"/>
        </record>

        <record id="email_template_minimal_footer_layout_1" model="mail.template">
            <field name="name">Report Custom Footer and Subtotals for Sale Order</field>
            <field name="model_id" ref="sale.model_sale_order"/>
            <field name="email_from"></field>
            <field name="partner_to"></field>
            <field name="subject">Report Subtotals</field>
            <field name="body_html" type="html">
<b>
    <div style="text-align: left;">
        <b style="color: inherit; font-family: inherit; font-size: 1.40833rem; font-style: initial; font-variant-ligatures: initial; font-variant-caps: initial; text-align: inherit;">
            <u>
                <span class="document_name">
                    <font style="font-size: 12px;">
                        <u><t t-out="object.name or ''"></t>
                            <t t-if="object.client_order_ref">
                                 - <t t-out="object.client_order_ref or ''"></t>
                            </t>
                        </u>
                    </font>
                </span>
            </u>
        </b>
    </div>
</b>

<div style="text-align: right; ">
    <div class="page_subtotalx_parent" style="text-align: left;">
        <b>
            <font style="font-size: 12px;">
                Page Subtotal:<span id="page_subtotal" class="page_subtotal"></span>
            </font>
        </b>
    </div>
    <div style="text-align: left;">
        <font style="font-family: inherit; font-size: 12px; font-style: initial; font-variant-caps: initial; font-variant-ligatures: initial; font-weight: initial; text-align: inherit;">
            <i><t t-out="datetime.date.today().strftime('%B %d, %Y')"/></i>
        </font>
    </div>
    <div style="text-align: right;"><div style="text-align: left;"><span style="text-align: inherit; font-style: initial; font-variant-ligatures: initial; font-variant-caps: initial; font-weight: initial; font-family: Roboto; font-size: 12px;">Page <span class="page">x</span> of <span class="topage">x</span></span><span style="font-style: initial; font-variant-ligatures: initial; font-variant-caps: initial; font-weight: initial;">
        </span><span style="font-family: inherit; text-align: inherit; font-style: initial; font-variant-ligatures: initial; font-variant-caps: initial; font-weight: initial; font-size: 12px;"> </span></div>
        <span style="font-weight: bolder; font-family: Roboto; font-size: medium; text-align: left;"><div style="text-align: right;"><span style="font-weight: bolder; color: inherit; font-family: inherit; font-size: 1.40833rem; font-style: initial; font-variant-ligatures: initial; font-variant-caps: initial; text-align: inherit;"><u><span class="document_name"><font style="font-size: 12px;">Signature: <t t-out="object.user_id.signature"/></font></span></u></span></div></span>
    </div>
    <p></p>
</div>
            </field>
            <field name="report_template"></field>
            <field name="report_name"></field>
            <field name="lang"></field>
            <!-- <field name="user_signature" eval="False"/> -->
            <field name="auto_delete" eval="True"/>
            <field name="use_for_subtotal_header" eval="False"/>
            <field name="use_for_subtotal_footer" eval="False"/>
        </record>


        <record id="email_template_minimal_header_layout" model="mail.template">
            <field name="name">Report Custom Header and Subtotals for Sale Order</field>
            <field name="model_id" ref="sale.model_sale_order"/>
            <field name="email_from"></field>
            <field name="partner_to"></field>
            <field name="subject">Report Subtotals</field>
            <field name="body_html"><![CDATA[
<span id="itis_header_custom" class="itis_header_custom">
<b>
    <div style="text-align: right;">
        <b style="color: inherit; font-family: inherit; font-size: 1.40833rem; font-style: initial; font-variant-ligatures: initial; font-variant-caps: initial; text-align: inherit;">
            <u>
                <span class="document_name">
                    <font style="font-size: 12px;">
                    <u><t t-out="object.name or ''"></t>
                    <t t-if="object.client_order_ref">
                     - <t t-out="object.client_order_ref or ''"></t>
                    </t>
                        </u>
                    </font>
                </span>
            </u>
        </b>
    </div>
</b>

<div style="text-align: right; ">
    <div class="page_subtotalx_parent" style="text-align: right; ">
        <b>
            <font style="font-size: 12px;">
                Page Subtotal:<span id="page_subtotal" class="page_subtotal"></span>
            </font>
        </b>
    </div>
    <div>
        <font style="font-family: inherit; font-size: 12px; font-style: initial; font-variant-caps: initial; font-variant-ligatures: initial; font-weight: initial; text-align: inherit;">
            <i>&nbsp;&nbsp;<t t-out="datetime.date.today().strftime('%B %d, %Y')"/></i>&nbsp;
        </font>
    </div>
    <div style="text-align: right;">
        <span style="font-family: Roboto; font-size: 12px; font-style: initial; font-variant-caps: initial; font-variant-ligatures: initial; font-weight: initial; text-align: inherit;">Page <span class="page">x</span> of <span class="topage">x</span></span>
        <span style="font-family: inherit; font-size: 12px; font-style: initial; font-variant-caps: initial; font-variant-ligatures: initial; font-weight: initial; text-align: inherit;">&nbsp;</span>
    </div>
    <p></p>
</div>
</span>
            ]]></field>
            <field name="report_template"></field>
            <field name="report_name"></field>
            <field name="lang"></field>
            <!-- <field name="user_signature" eval="False"/> -->
            <field name="auto_delete" eval="True"/>
            <field name="use_for_subtotal_header" eval="False"/>
            <field name="use_for_subtotal_footer" eval="False"/>
        </record>

        </data>
<!--     <data>
        <record id="base.paperformat_euro" model="report.paperformat">
            <field name="margin_bottom">40</field>
        </record>
    </data> -->
    <!-- default 32 -->
</odoo>